Time_step,gnss_dr_lat,gnss_dr_long,vrtk_lat,vrtk_long,gt_lat,gt_long,vrtk_plus_code
1,37.376739,126.6661902,,,37.3767394,126.6661906,8Q989MG8+GWC2
2,37.37673733,126.6661865,,,37.37673813,126.6661873,8Q989MG8+GWC2
3,37.37673367,126.6661828,,,37.37673487,126.666184,8Q989MG8+GWC2
4,37.37672917,126.6661817,,,37.37673077,126.6661833,8Q989MG8+GWC6
5,37.37672483,126.6661827,,,37.37672683,126.6661847,8Q989MG8+GWCC
6,37.37672317,126.6661873,,,37.37672557,126.6661897,8Q989MG8+GWCF
7,37.3767245,126.6661925,,,37.3767273,126.6661953,8Q989MG8+GWCM
8,37.37672617,126.6661988,,,37.37672937,126.666202,8Q989MG8+GWCM
9,37.37672783,126.6662037,,,37.37673143,126.6662073,8Q989MG8+GWCW
10,37.37672983,126.6662082,,,37.37673383,126.6662122,8Q989MG8+GWJ4
11,37.3767325,126.6662132,,,37.3767369,126.6662176,8Q989MG8+GWJ8
12,37.376736,126.6662168,,,37.3767408,126.6662216,8Q989MG8+GWJH
13,37.3767415,126.6662223,,,37.3767467,126.6662275,8Q989MG8+GWJH
14,37.3767475,126.6662288,,,37.3767531,126.6662344,8Q989MG8+GWJQ
15,37.37675417,126.6662343,,,37.37676017,126.6662403,8Q989MG8+GWMR
16,37.3767605,126.6662375,,,37.3767669,126.6662439,8Q989MG8+GWMR
17,37.3767665,126.6662398,,,37.3767733,126.6662466,8Q989MG8+GWV2
18,37.37677233,126.6662435,,,37.37677953,126.6662507,8Q989MG8+GWV7
19,37.37677783,126.6662487,,,37.37678543,126.6662563,8Q989MG8+GWVF
20,37.3767825,126.6662542,,,37.3767905,126.6662622,8Q989MG8+GWVG
21,37.37678783,126.6662607,,,37.37679623,126.6662691,8Q989MG8+GWVP
22,37.37679217,126.6662675,,,37.37680097,126.6662763,8Q989MG8+GWVW
23,37.37679567,126.6662732,,,37.37680487,126.6662824,8Q989MG8+HW35
24,37.3768,126.6662772,,,37.3768096,126.6662868,8Q989MG8+HW35
25,37.37680567,126.666282,,,37.37681567,126.666292,8Q989MG8+HW46
26,37.37681183,126.6662882,,,37.37682223,126.6662986,8Q989MG8+HW4C
27,37.37681733,126.6662932,,,37.37682813,126.666304,8Q989MG8+HW4M
28,37.37682333,126.6662985,,,37.37683453,126.6663097,8Q989MG8+HW4V
29,37.3768305,126.6663028,,,37.3768421,126.6663144,8Q989MG8+HW4W
30,37.37683567,126.6663085,,,37.37684767,126.6663205,8Q989MG8+HW84
31,37.37684083,126.6663163,,,37.37685323,126.6663287,8Q989MG8+HW89
32,37.37684683,126.6663235,,,37.37685963,126.6663363,8Q989MG8+HW8H
33,37.37685383,126.6663295,,,37.37686703,126.6663427,8Q989MG8+HW9J
34,37.37686,126.6663368,,,37.3768736,126.6663504,8Q989MG8+HW9R
35,37.37686567,126.6663443,,,37.37687967,126.6663583,8Q989MG8+HWH3
36,37.3768715,126.666352,,,37.3768859,126.6663664,8Q989MG8+HWH3
37,37.37687717,126.6663607,,,37.37689197,126.6663755,8Q989MG8+HWH8
38,37.37688283,126.6663705,,,37.37689803,126.6663857,8Q989MG8+HWHG
39,37.376889,126.666379,,,37.3769046,126.6663946,8Q989MG8+HWHQ
40,37.37689417,126.6663888,,,37.37691017,126.6664048,8Q989MG8+HWHX
41,37.3768995,126.6663975,,,37.3769159,126.6664139,8Q989MG8+HXJ2
42,37.37690567,126.666406,,,37.37692247,126.6664228,8Q989MG8+HXJ6
43,37.37691067,126.6664132,,,37.37692787,126.6664304,8Q989MG8+HXJC
44,37.37691483,126.666418,,,37.37693243,126.6664356,8Q989MG8+HXJM
45,37.37691933,126.6664207,,,37.37693733,126.6664387,8Q989MG8+HXJV
46,37.37691967,126.6664245,,,37.37693807,126.6664429,8Q989MG8+HXR4
47,37.376919,126.6664298,,,37.3769378,126.6664486,8Q989MG8+HXR8
48,37.37692133,126.6664347,,,37.37694053,126.6664539,8Q989MG8+HXRH
49,37.376922,126.666441,,,37.3769416,126.6664606,8Q989MG8+HXRQ
50,37.37691967,126.666451,,,37.37693967,126.666471,8Q989MG8+HXVR
51,37.37691717,126.6664625,,,37.37693677,126.6664821,8Q989MG8+JX32
52,37.3769145,126.6664712,,,37.3769337,126.6664904,8Q989MG8+JX37
53,37.37690933,126.6664818,,,37.37692813,126.6665006,8Q989MG8+JX3F
54,37.37690317,126.6664917,,,37.37692157,126.6665101,8Q989MG8+JX3P
55,37.37689667,126.666502,,,37.37691467,126.66652,8Q989MG8+JX3W
56,37.37688967,126.6665123,,,37.37690727,126.6665299,8Q989MG8+JX75
57,37.37688433,126.6665218,,,37.37690153,126.666539,8Q989MG8+JX79
58,37.37688117,126.6665313,,,37.37689797,126.6665481,8Q989MG8+JX8C
59,37.37687883,126.6665403,,,37.37689523,126.6665567,8Q989MG8+JX8J
60,37.37687733,126.6665452,,,37.37689333,126.6665612,8Q989MG8+JX8V
61,37.37687533,126.6665458,,,37.37689093,126.6665614,8Q989MG8+JXG3
62,37.37687333,126.6665465,,,37.37688853,126.6665617,8Q989MG8+JXG8
63,37.376872,126.6665473,,,37.3768868,126.6665621,8Q989MG8+JXGG
64,37.376871,126.6665483,,,37.3768854,126.6665627,8Q989MG8+JXGQ
65,37.37687017,126.6665493,,,37.37688417,126.6665633,8Q989MG8+JXGX
66,37.37686933,126.6665505,,,37.37688293,126.6665641,8Q989MG8+JXQ2
67,37.37686883,126.6665515,,,37.37688203,126.6665647,8Q989MG8+JXQ6
68,37.37686833,126.6665525,,,37.37688113,126.6665653,8Q989MG8+JXQF
69,37.37686817,126.6665535,,,37.37688057,126.6665659,8Q989MG8+JXQM
70,37.3768675,126.6665545,,,37.3768795,126.6665665,8Q989MG8+JXQW
71,37.37686733,126.6665562,,,37.37687893,126.6665678,8Q989MG8+JXX4
72,37.37686617,126.6665592,,,37.37687737,126.6665704,8Q989MG8+JXX5
73,37.37686333,126.6665645,,,37.37687413,126.6665753,8Q989MG9+J2R6
74,37.3768605,126.6665697,,,37.3768709,126.6665801,8Q989MG9+J2RC
75,37.3768565,126.6665752,,,37.3768665,126.6665852,8Q989MG9+J2RM
76,37.37685267,126.6665818,,,37.37686227,126.6665914,8Q989MG9+J2RV
77,37.376848,126.6665905,,,37.3768572,126.6665997,8Q989MG9+M224
78,37.3768425,126.6665977,,,37.3768513,126.6666065,8Q989MG9+M228
79,37.37683767,126.6666063,,,37.37684607,126.6666147,8Q989MG9+M22H
80,37.37683167,126.666615,,,37.37683967,126.666623,8Q989MG9+M22Q
81,37.37682567,126.6666243,,,37.37683327,126.6666319,8Q989MG9+M23R
82,37.37682,126.6666317,,,37.3768272,126.6666389,8Q989MG9+M273
83,37.37681433,126.6666395,,,37.37682113,126.6666463,8Q989MG9+M277
84,37.37680867,126.6666485,,,37.37681507,126.6666549,8Q989MG9+M278
85,37.37680267,126.6666572,,,37.37680867,126.6666632,8Q989MG9+M27H
86,37.3767975,126.6666667,,,37.3768031,126.6666723,8Q989MG9+M28C
87,37.37679217,126.6666755,,,37.37679737,126.6666807,8Q989MG9+M28M
88,37.37678633,126.6666848,,,37.37679113,126.6666896,8Q989MG9+M28W
89,37.3767795,126.6666942,,,37.3767839,126.6666986,8Q989MG9+M28X
90,37.37677267,126.6667045,,,37.37677667,126.6667085,8Q989MG9+M2H2
91,37.3767655,126.6667145,,,37.3767691,126.6667181,8Q989MG9+M2H2
92,37.37675883,126.6667252,,,37.37676203,126.6667284,8Q989MG9+M2H7
93,37.37675333,126.6667358,,,37.37675613,126.6667386,8Q989MG9+M2H8
94,37.3767475,126.666746,,,37.3767499,126.6667484,8Q989MG9+M2HH
95,37.37674067,126.6667557,,,37.37674267,126.6667577,8Q989MG9+M3CC
96,37.376733,126.6667647,,,37.3767346,126.6667663,8Q989MG9+M3CM
97,37.37672567,126.6667738,,,37.37672687,126.666775,8Q989MG9+M3CP
98,37.37671833,126.666783,,,37.37671913,126.6667838,8Q989MG9+M3CX
99,37.37671167,126.6667933,,,37.37671207,126.6667937,8Q989MG9+M3M2
100,37.37670517,126.6668028,,,37.37670517,126.6668028,8Q989MG9+M3M3
101,37.37669967,126.6668132,,,37.37670007,126.6668136,8Q989MG9+M3M8
102,37.37669317,126.6668207,,,37.37669397,126.6668215,8Q989MG9+M3MH
103,37.37668717,126.6668297,,,37.37668837,126.6668309,8Q989MG9+M3MQ
104,37.37668133,126.6668393,,,37.37668293,126.6668409,8Q989MG9+M3PR
105,37.37667717,126.6668495,,,37.37667917,126.6668515,8Q989MG9+M3W2
106,37.37667433,126.6668597,,,37.37667673,126.6668621,8Q989MG9+M3W6
107,37.37667,126.6668672,,,37.3766728,126.66687,8Q989MG9+M3WM
108,37.3766675,126.6668747,,,37.3766707,126.6668779,8Q989MG9+M3WV
109,37.376666,126.6668805,,,37.3766696,126.6668841,8Q989MG9+P343
110,37.37666483,126.6668865,,,37.37666883,126.6668905,8Q989MG9+P34F
111,37.3766635,126.6668892,37.37660995,126.6667965,37.37661035,126.6667969,8Q989MG9+P34M
112,37.37666333,126.6668932,37.37661311,126.6667917,37.37661391,126.6667925,8Q989MG9+P34V
113,37.37666333,126.6668957,37.37661641,126.6667869,37.37661761,126.6667881,8Q989MG9+P387
114,37.37666617,126.6669005,37.37661971,126.6667817,37.37662131,126.6667833,8Q989MG9+P38F
115,37.3766665,126.6669,37.37662304,126.6667765,37.37662504,126.6667785,8Q989MG9+P38M
116,37.37666567,126.6668992,37.37662676,126.6667712,37.37662916,126.6667736,8Q989MG9+P3G3
117,37.3766665,126.6669018,37.37663051,126.666766,37.37663331,126.6667688,8Q989MG9+P3G7
118,37.3766635,126.6669103,37.37663432,126.6667608,37.37663752,126.666764,8Q989MG9+P3GG
119,37.37666483,126.6669172,37.37663871,126.666755,37.37664231,126.6667586,8Q989MG9+P3GW
120,37.37667117,126.6669182,37.376643,126.6667492,37.376647,126.6667532,8Q989MG9+P3P5
121,37.37667183,126.6669207,37.37664727,126.6667435,37.37665167,126.6667479,8Q989MG9+P3P9
122,37.37667233,126.6669188,37.37665179,126.6667377,37.37665659,126.6667425,8Q989MG9+P3QC
123,37.37667433,126.666914,37.37665612,126.6667322,37.37666132,126.6667374,8Q989MG9+P3QM
124,37.376695,126.6669103,37.37666039,126.6667267,37.37666599,126.6667323,8Q989MG9+P3QW
125,37.376695,126.6669065,37.37666414,126.6667211,37.37667014,126.6667271,8Q989MG9+P3QW
126,37.37669717,126.666899,37.37666777,126.6667153,37.37667417,126.6667217,8Q989MG9+P3X5
127,37.3766965,126.6669042,37.37667131,126.6667096,37.37667811,126.6667164,8Q989MG9+P4R6
128,37.376701,126.666908,37.37667498,126.6667036,37.37668218,126.6667108,8Q989MG9+P4RF
129,37.37670017,126.6669057,37.37667863,126.6666973,37.37668623,126.6667049,8Q989MG9+P4RP
130,37.3767,126.6669008,37.37668215,126.6666912,37.37669015,126.6666992,8Q989MG9+P4RQ
131,37.3767105,126.666896,37.37668593,126.6666846,37.37669433,126.666693,8Q989MG9+P4RX
132,37.37673883,126.6668985,37.37668943,126.6666784,37.37669823,126.6666872,8Q989MG9+Q432
133,37.37675767,126.6669003,37.37669281,126.6666725,37.37670201,126.6666817,8Q989MG9+Q433
134,37.37676767,126.666902,37.37669646,126.6666658,37.37670606,126.6666754,8Q989MG9+Q438
135,37.37677933,126.6669008,37.37670007,126.6666592,37.37671007,126.6666692,8Q989MG9+Q439
136,37.37679167,126.6669047,37.37670351,126.6666527,37.37671391,126.6666631,8Q989MG9+Q44C
137,37.37679433,126.6669067,37.37670677,126.666646,37.37671757,126.6666568,8Q989MG8+GWC2
138,37.37681083,126.6669105,37.37670998,126.6666389,37.37672118,126.6666501,8Q989MG8+GWC2
139,37.376828,126.6669098,37.37671275,126.6666316,37.37672435,126.6666432,8Q989MG8+GWC2
140,37.376861,126.6669127,37.37671495,126.666624,37.37672695,126.666636,8Q989MG8+GWC6
141,,,37.37671692,126.6666162,37.37672932,126.6666286,8Q989MG8+GWCC
142,,,37.37671885,126.6666083,37.37673165,126.6666211,8Q989MG8+GWCF
143,,,37.37672052,126.6666004,37.37673372,126.6666136,8Q989MG8+GWCM
144,,,37.37672209,126.6665922,37.37673569,126.6666058,8Q989MG8+GWCM
145,,,37.37672335,126.6665839,37.37673735,126.6665979,8Q989MG8+GWCW
146,,,37.37672437,126.6665753,37.37673877,126.6665897,8Q989MG8+GWJ4
147,,,37.37672463,126.6665666,37.37673943,126.6665814,8Q989MG8+GWJ8
148,,,37.37672386,126.6665588,37.37673906,126.666574,8Q989MG8+GWJH
149,,,37.37672278,126.666551,37.37673838,126.6665666,8Q989MG8+GWJH
150,,,37.37672146,126.6665433,37.37673746,126.6665593,8Q989MG8+GWJQ
151,,,37.37672003,126.6665357,37.37673643,126.6665521,8Q989MG8+GWMR
152,,,37.37671837,126.6665283,37.37673517,126.6665451,8Q989MG8+GWMR
153,,,37.3767165,126.666521,37.3767337,126.6665382,8Q989MG8+GWV2
154,,,37.37671446,126.666514,37.37673206,126.6665316,8Q989MG8+GWV7
155,,,37.37671219,126.6665065,37.37673019,126.6665245,8Q989MG8+GWVF
156,,,37.37670916,126.6665014,37.37672756,126.6665198,8Q989MG8+GWVG
157,37.3767305,126.6665107,37.37670801,126.6665048,37.37672681,126.6665236,8Q989MG8+GWVP
158,37.37669233,126.6664742,37.37670704,126.6665075,37.37672624,126.6665267,8Q989MG8+GWVW
159,37.376656,126.666472,37.37670614,126.6665103,37.37672574,126.6665299,8Q989MG8+HW35
160,37.376611,126.6664197,37.3767053,126.6665128,37.3767253,126.6665328,8Q989MG8+HW35
161,37.37660067,126.6664055,37.3767044,126.6665158,37.376724,126.6665354,8Q989MG8+HW46
162,37.3765995,126.6663932,37.3767035,126.6665188,37.3767227,126.666538,8Q989MG8+HW4C
163,37.37658533,126.6663777,37.37670246,126.6665221,37.37672126,126.6665409,8Q989MG8+HW4M
164,37.37657783,126.6663765,37.37670145,126.6665254,37.37671985,126.6665438,8Q989MG8+HW4V
165,37.37655783,126.6663678,37.37670031,126.6665289,37.37671831,126.6665469,8Q989MG8+HW4W
166,37.37655017,126.6663537,37.37669925,126.6665324,37.37671685,126.66655,8Q989MG8+HW84
167,37.376541,126.6663525,37.37669816,126.6665357,37.37671536,126.6665529,8Q989MG8+HW89
168,37.3765255,126.666358,37.37669681,126.6665394,37.37671361,126.6665562,8Q989MG8+HW8H
169,37.37650967,126.6663532,37.37669566,126.6665426,37.37671206,126.666559,8Q989MG8+HW9J
170,37.3764955,126.6663585,37.37669429,126.6665463,37.37671029,126.6665623,8Q989MG8+HW9R
171,37.37648667,126.6663578,37.37669299,126.6665496,37.37670859,126.6665652,8Q989MG8+HWH3
172,37.37647783,126.6663613,37.3766918,126.6665526,37.376707,126.6665678,8Q989MG8+HWH3
173,37.37647317,126.666366,37.37669051,126.6665559,37.37670531,126.6665707,8Q989MG8+HWH8
174,37.37646567,126.6663703,37.3766892,126.6665591,37.3767036,126.6665735,8Q989MG8+HWHG
175,37.37645667,126.6663772,37.37668783,126.6665623,37.37670183,126.6665763,8Q989MG8+HWHQ
176,37.37644983,126.6663803,37.37668641,126.6665654,37.37670001,126.666579,8Q989MG8+HWHX
177,37.37643817,126.666381,37.37668509,126.6665684,37.37669829,126.6665816,8Q989MG8+HXJ2
178,37.37642733,126.6663823,37.3766837,126.6665717,37.3766965,126.6665845,8Q989MG8+HXJ6
179,37.37642017,126.6663812,37.37668221,126.6665751,37.37669461,126.6665875,8Q989MG8+HXJC
180,37.376411,126.6663902,37.37668076,126.6665785,37.37669276,126.6665905,8Q989MG8+HXJM
181,37.37640267,126.6663982,37.37667923,126.666582,37.37669083,126.6665936,8Q989MG8+HXJV
182,37.376392,126.6664037,37.37667765,126.6665856,37.37668885,126.6665968,8Q989MG8+HXR4
183,37.37638567,126.6664113,37.3766761,126.6665892,37.3766869,126.6666,8Q989MG8+HXR8
184,37.37637933,126.6664172,37.37667445,126.6665928,37.37668485,126.6666032,8Q989MG8+HXRH
185,37.37636983,126.6664183,37.37667281,126.6665964,37.37668281,126.6666064,8Q989MG8+HXRQ
186,37.37635583,126.6664192,37.37667097,126.6666003,37.37668057,126.6666099,8Q989MG8+HXVR
187,37.37635017,126.6664175,37.3766692,126.6666041,37.3766784,126.6666133,8Q989MG8+JX32
188,37.37635183,126.6664158,37.37666741,126.666608,37.37667621,126.6666168,8Q989MG8+JX37
189,,,37.37666555,126.6666121,37.37667395,126.6666205,8Q989MG8+JX3F
190,,,37.37666359,126.6666162,37.37667159,126.6666242,8Q989MG8+JX3P
191,,,37.37666163,126.6666203,37.37666923,126.6666279,8Q989MG8+JX3W
192,,,37.37665944,126.6666246,37.37666664,126.6666318,8Q989MG8+JX75
193,,,37.3766573,126.6666289,37.3766641,126.6666357,8Q989MG8+JX79
194,,,37.37665494,126.6666333,37.37666134,126.6666397,8Q989MG8+JX8C
195,37.376354,126.6664247,37.37665265,126.6666379,37.37665865,126.6666439,8Q989MG8+JX8J
196,37.37634567,126.6664375,37.37665051,126.6666421,37.37665611,126.6666477,8Q989MG8+JX8V
197,,,37.37664841,126.6666466,37.37665361,126.6666518,8Q989MG8+JXG3
198,,,37.37664639,126.6666509,37.37665119,126.6666557,8Q989MG8+JXG8
199,,,37.37664421,126.6666555,37.37664861,126.6666599,8Q989MG8+JXGG
200,,,37.37664207,126.6666603,37.37664607,126.6666643,8Q989MG8+JXGQ
201,,,37.37663991,126.666665,37.37664351,126.6666686,8Q989MG8+JXGX
202,,,37.37663779,126.6666697,37.37664099,126.6666729,8Q989MG8+JXQ2
203,,,37.37663563,126.6666743,37.37663843,126.6666771,8Q989MG8+JXQ6
204,,,37.3766334,126.6666788,37.3766358,126.6666812,8Q989MG8+JXQF
205,,,37.37663088,126.6666836,37.37663288,126.6666856,8Q989MG8+JXQM
206,,,37.37662846,126.6666881,37.37663006,126.6666897,8Q989MG8+JXQW
207,,,37.37662609,126.6666926,37.37662729,126.6666938,8Q989MG8+JXX4
208,,,37.37662358,126.6666974,37.37662438,126.6666982,8Q989MG8+JXX5
209,,,37.37662098,126.6667023,37.37662138,126.6667027,8Q989MG9+J2R6
210,,,37.37661828,126.6667073,37.37661828,126.6667073,8Q989MG9+J2RC
211,,,37.37661558,126.6667122,37.37661598,126.6667126,8Q989MG9+J2RM
212,,,37.37661285,126.6667171,37.37661365,126.6667179,8Q989MG9+J2RV
213,,,37.37661029,126.6667219,37.37661149,126.6667231,8Q989MG9+M224
214,,,37.37660777,126.6667267,37.37660937,126.6667283,8Q989MG9+M228
215,,,37.37660518,126.6667317,37.37660718,126.6667337,8Q989MG9+M22H
216,,,37.37660261,126.6667365,37.37660501,126.6667389,8Q989MG9+M22Q
217,,,37.37659995,126.6667415,37.37660275,126.6667443,8Q989MG9+M23R
218,,,37.37659728,126.6667465,37.37660048,126.6667497,8Q989MG9+M273
219,,,37.37659497,126.6667515,37.37659857,126.6667551,8Q989MG9+M277
220,,,37.37659258,126.6667565,37.37659658,126.6667605,8Q989MG9+M278
221,,,37.37659026,126.6667615,37.37659466,126.6667659,8Q989MG9+M27H
222,,,37.37658794,126.6667668,37.37659274,126.6667716,8Q989MG9+M28C
223,,,37.37658562,126.666772,37.37659082,126.6667772,8Q989MG9+M28M
224,,,37.37658331,126.6667775,37.37658891,126.6667831,8Q989MG9+M28W
225,,,37.37658101,126.6667831,37.37658701,126.6667891,8Q989MG9+M28X
226,,,37.37657842,126.6667888,37.37658482,126.6667952,8Q989MG9+M2H2
227,,,37.37657555,126.6667943,37.37658235,126.6668011,8Q989MG9+M2H2
228,,,37.37657282,126.6667994,37.37658002,126.6668066,8Q989MG9+M2H7
229,,,37.37656989,126.6668045,37.37657749,126.6668121,8Q989MG9+M2H8
230,,,37.37656706,126.6668096,37.37657506,126.6668176,8Q989MG9+M2HH
231,,,37.37656414,126.6668146,37.37657254,126.666823,8Q989MG9+M3CC
232,,,37.37656115,126.6668197,37.37656995,126.6668285,8Q989MG9+M3CM
233,,,37.3765581,126.6668249,37.3765673,126.6668341,8Q989MG9+M3CP
234,,,37.37655504,126.66683,37.37656464,126.6668396,8Q989MG9+M3CX
235,,,37.37655206,126.6668349,37.37656206,126.6668449,8Q989MG9+M3M2
236,,,37.37654897,126.6668401,37.37655937,126.6668505,8Q989MG9+M3M3
237,,,37.37654593,126.6668452,37.37655673,126.666856,8Q989MG9+M3M8
238,,,37.37654281,126.6668502,37.37655401,126.6668614,8Q989MG9+M3MH
239,,,37.37653964,126.6668552,37.37655124,126.6668668,8Q989MG9+M3MQ
240,,,37.3765363,126.6668605,37.3765483,126.6668725,8Q989MG9+M3PR
241,,,37.37653316,126.6668655,37.37654556,126.6668779,8Q989MG9+M3W2
242,,,37.37652993,126.6668707,37.37654273,126.6668835,8Q989MG9+M3W6
243,,,37.37652653,126.666876,37.37653973,126.6668892,8Q989MG9+M3WM
244,,,37.37652304,126.6668814,37.37653664,126.666895,8Q989MG9+M3WV
245,,,37.37651946,126.6668869,37.37653346,126.6669009,8Q989MG9+P343
246,,,37.37651597,126.6668921,37.37653037,126.6669065,8Q989MG9+P34F
247,,,37.37651252,126.6668973,37.37652732,126.6669121,8Q989MG9+P34M
248,,,37.37650902,126.6669027,37.37652422,126.6669179,8Q989MG9+P34V
249,,,37.37650559,126.6669078,37.37652119,126.6669234,8Q989MG9+P387
250,,,37.37650227,126.6669134,37.37651827,126.6669294,8Q989MG9+P38F
251,,,37.37649902,126.6669188,37.37651542,126.6669352,8Q989MG9+P38M
252,,,37.37649571,126.6669242,37.37651251,126.666941,8Q989MG9+P3G3
253,,,37.3764924,126.6669298,37.3765096,126.666947,8Q989MG9+P3G7
254,,,37.37648927,126.6669353,37.37650687,126.6669529,8Q989MG9+P3GG
255,,,37.37648606,126.6669409,37.37650406,126.6669589,8Q989MG9+P3GW
256,,,37.37648295,126.6669463,37.37650135,126.6669647,8Q989MG9+P3P5
257,,,37.37647979,126.6669518,37.37649859,126.6669706,8Q989MG9+P3P9
258,,,37.37647661,126.6669572,37.37649581,126.6669764,8Q989MG9+P3QC
259,,,37.37647346,126.6669626,37.37649306,126.6669822,8Q989MG9+P3QM
260,,,37.37647024,126.6669679,37.37649024,126.6669879,8Q989MG9+P3QW
261,,,37.37646698,126.6669732,37.37648658,126.6669928,8Q989MG9+P3QW
262,,,37.37646375,126.6669785,37.37648295,126.6669977,8Q989MG9+P3X5
263,37.37625517,126.6666737,37.37646049,126.6669837,37.37647929,126.6670025,8Q989MG9+P4R6
264,37.37626367,126.6666155,37.37645718,126.6669892,37.37647558,126.6670076,8Q989MG9+P4RF
265,37.37623883,126.6665828,37.37645393,126.6669944,37.37647193,126.6670124,8Q989MG9+P4RP
266,,,37.37645086,126.6669996,37.37646846,126.6670172,8Q989MG9+P4RQ
267,,,37.37644772,126.667005,37.37646492,126.6670222,8Q989MG9+P4RX
268,,,37.37644464,126.6670105,37.37646144,126.6670273,8Q989MG9+Q432
269,,,37.37644164,126.667016,37.37645804,126.6670324,8Q989MG9+Q433
270,,,37.37643855,126.6670214,37.37645455,126.6670374,8Q989MG9+Q438
271,,,37.37643542,126.6670269,37.37645102,126.6670425,8Q989MG9+Q439
272,,,37.37643231,126.6670323,37.37644751,126.6670475,8Q989MG9+Q44C
273,,,37.37642922,126.6670375,37.37644402,126.6670523,8Q989MG8+GWC2
274,,,37.37642616,126.6670428,37.37644056,126.6670572,8Q989MG8+GWC2
275,,,37.37642311,126.6670481,37.37643711,126.6670621,8Q989MG8+GWC2
276,,,37.37642,126.6670535,37.3764336,126.6670671,8Q989MG8+GWC6
277,,,37.37641695,126.6670589,37.37643015,126.6670721,8Q989MG8+GWCC
278,,,37.37641379,126.6670645,37.37642659,126.6670773,8Q989MG8+GWCF
279,,,37.37641081,126.6670701,37.37642321,126.6670825,8Q989MG8+GWCM
280,,,37.37640766,126.667076,37.37641966,126.667088,8Q989MG8+GWCM
281,,,37.37640443,126.6670821,37.37641603,126.6670937,8Q989MG8+GWCW
282,,,37.37640157,126.6670879,37.37641277,126.6670991,8Q989MG8+GWJ4
283,,,37.37639867,126.6670938,37.37640947,126.6671046,8Q989MG8+GWJ8
284,,,37.37639588,126.6670997,37.37640628,126.6671101,8Q989MG8+GWJH
285,,,37.37639308,126.6671056,37.37640308,126.6671156,8Q989MG8+GWJH
286,,,37.37639025,126.6671115,37.37639985,126.6671211,8Q989MG8+GWJQ
287,,,37.37638761,126.6671171,37.37639681,126.6671263,8Q989MG8+GWMR
288,,,37.37638493,126.6671229,37.37639373,126.6671317,8Q989MG8+GWMR
289,,,37.37638222,126.6671287,37.37639062,126.6671371,8Q989MG8+GWV2
290,,,37.37637962,126.6671345,37.37638762,126.6671425,8Q989MG8+GWV7
291,,,37.37637707,126.6671403,37.37638467,126.6671479,8Q989MG8+GWVF
292,,,37.37637461,126.667146,37.37638181,126.6671532,8Q989MG8+GWVG
293,,,37.37637215,126.6671519,37.37637895,126.6671587,8Q989MG8+GWVP
294,,,37.37636948,126.6671581,37.37637588,126.6671645,8Q989MG8+GWVW
295,37.37701667,126.667527,37.37636693,126.6671643,37.37637293,126.6671703,8Q989MG8+HW35
296,37.377047,126.6674705,37.37636428,126.6671704,37.37636988,126.667176,8Q989MG8+HW35
297,37.37705,126.6674155,37.37636108,126.6671759,37.37636628,126.6671811,8Q989MG8+HW46
298,37.37707817,126.6673892,37.376357,126.6671802,37.3763618,126.667185,8Q989MG8+HW4C
299,37.3770745,126.6673912,37.37635268,126.6671845,37.37635708,126.6671889,8Q989MG8+HW4M
300,37.37707467,126.6673943,37.37634759,126.667189,37.37635159,126.667193,8Q989MG8+HW4V
301,37.3770705,126.667405,37.37634233,126.6671935,37.37634593,126.6671971,8Q989MG8+HW4W
302,37.37707433,126.6674062,37.37633695,126.6671983,37.37634015,126.6672015,8Q989MG8+HW84
303,37.3770735,126.667415,37.37633169,126.6672029,37.37633449,126.6672057,8Q989MG8+HW89
304,37.37708033,126.6674148,37.37632658,126.6672073,37.37632898,126.6672097,8Q989MG8+HW8H
305,37.37708533,126.6674197,37.37632117,126.6672118,37.37632317,126.6672138,8Q989MG8+HW9J
306,37.37708433,126.667422,37.37631572,126.6672163,37.37631732,126.6672179,8Q989MG8+HW9R
307,37.37709267,126.6674212,37.37631014,126.6672209,37.37631134,126.6672221,8Q989MG8+HWH3
308,37.37709783,126.667418,37.37630469,126.6672255,37.37630549,126.6672263,8Q989MG8+HWH3
309,37.37709833,126.6674227,37.37629951,126.6672305,37.37629991,126.6672309,8Q989MG8+HWH8
310,37.37709583,126.6674305,37.37629492,126.6672362,37.37629492,126.6672362,8Q989MG8+HWHG
311,37.3770995,126.6674323,37.37629175,126.6672433,37.37629215,126.6672437,8Q989MG8+HWHQ
312,37.377106,126.667434,37.37629274,126.6672441,37.37629354,126.6672449,8Q989MG8+HWHX
313,37.3771045,126.6674377,37.37629388,126.667245,37.37629508,126.6672462,8Q989MG8+HXJ2
314,37.37710367,126.6674398,37.37629534,126.6672461,37.37629694,126.6672477,8Q989MG8+HXJ6
315,37.37710283,126.6674397,37.37629685,126.6672473,37.37630036,126.6672504,8Q989MG8+HXJC
316,37.3770905,126.6674517,37.37629871,126.6672487,37.3763022,126.6672518,8Q989MG8+HXJM
317,37.37708183,126.6674547,37.37630104,126.6672505,37.37630458,126.6672535,8Q989MG8+HXJV
318,37.37707367,126.6674567,37.37630366,126.6672525,37.37630717,126.6672554,8Q989MG8+HXR4
319,37.37706433,126.6674598,37.37630645,126.6672546,37.37631001,126.6672574,8Q989MG8+HXR8
320,37.37706317,126.6674572,37.37630909,126.6672565,37.37631264,126.6672593,8Q989MG8+HXRH
321,37.37706333,126.6674557,37.37631209,126.6672586,37.37631565,126.6672613,8Q989MG8+HXRQ
322,37.37706167,126.6674582,37.37631565,126.6672611,37.3763192,126.6672637,8Q989MG8+HXVR
323,37.37706067,126.6674575,37.37631983,126.6672641,37.37632324,126.6672664,8Q989MG8+JX32
324,37.3770505,126.6674648,37.3763242,126.6672673,37.37632773,126.6672694,8Q989MG8+JX37
325,37.3770525,126.667462,37.3763282,126.6672702,37.37633186,126.6672721,8Q989MG8+JX3F
326,37.37705133,126.6674597,37.37633133,126.6672725,37.37633517,126.6672743,8Q989MG8+JX3P
327,37.37705217,126.6674628,37.37633505,126.6672753,37.3763388,126.6672769,8Q989MG8+JX3W
328,37.377057,126.6674555,37.37633829,126.6672779,37.3763421,126.6672793,8Q989MG8+JX75
329,37.37705983,126.6674517,37.37634217,126.6672809,37.37634597,126.6672822,8Q989MG8+JX79
330,37.37706117,126.6674473,37.37634562,126.6672838,37.37634957,126.667285,8Q989MG8+JX8C
331,37.37706133,126.6674417,37.37634936,126.667287,37.37635335,126.6672881,8Q989MG8+JX8J
332,37.37706167,126.6674365,37.37635301,126.6672904,37.37635707,126.6672913,8Q989MG8+JX8V
333,37.37706567,126.6674332,37.37635653,126.6672937,37.37636067,126.6672944,8Q989MG8+JXG3
334,37.377069,126.6674298,37.37636024,126.6672973,37.37636442,126.6672978,8Q989MG8+JXG8
335,37.37707483,126.6674248,37.37636368,126.6673008,37.37636808,126.6673013,8Q989MG8+JXGG
336,37.377081,126.6674202,37.37636719,126.6673043,37.37637164,126.6673046,8Q989MG8+JXGQ
337,37.37708533,126.6674155,37.37637087,126.6673081,37.37637543,126.6673082,8Q989MG8+JXGX
338,37.37709333,126.6674048,37.37637479,126.667312,37.37637939,126.6673119,8Q989MG8+JXQ2
339,37.377099,126.6673967,37.37637887,126.6673161,37.37638357,126.6673158,8Q989MG8+JXQ6
340,37.37710367,126.6673868,37.37638274,126.6673198,37.37638755,126.6673193,8Q989MG8+JXQF
341,37.37710117,126.6673888,37.37638668,126.6673235,37.37639156,126.6673229,8Q989MG8+JXQM
342,37.377097,126.6673915,37.37639058,126.6673272,37.37639559,126.6673264,8Q989MG8+JXQW
343,37.37709267,126.6673928,37.37639483,126.6673313,37.37639995,126.6673304,8Q989MG8+JXX4
344,37.3770925,126.6673873,37.37639895,126.6673353,37.37640415,126.6673343,8Q989MG8+JXX5
345,37.37709367,126.667381,37.37640287,126.6673393,37.37640815,126.667338,8Q989MG9+J2R6
346,37.377096,126.6673735,37.37640695,126.6673433,37.3764123,126.6673418,8Q989MG9+J2RC
347,37.377096,126.6673678,37.376411,126.6673474,37.37641648,126.6673457,8Q989MG9+J2RM
348,37.37709583,126.6673688,37.37641532,126.6673515,37.37642093,126.6673497,8Q989MG9+J2RV
349,37.37709533,126.6673673,37.37641954,126.6673554,37.37642527,126.6673534,8Q989MG9+M224
350,37.37709567,126.6673678,37.37642374,126.6673591,37.37642959,126.6673569,8Q989MG9+M228
351,37.37710333,126.667369,37.37642822,126.667363,37.37643417,126.6673606,8Q989MG9+M22H
352,37.3771035,126.6673738,37.37643294,126.667367,37.37643898,126.6673643,8Q989MG9+M22Q
353,37.377103,126.667378,37.37643755,126.6673707,37.37644368,126.6673679,8Q989MG9+M23R
354,37.37710283,126.6673797,37.37644216,126.6673744,37.37644844,126.6673715,8Q989MG9+M273
355,37.377103,126.667381,37.37644684,126.6673781,37.3764532,126.667375,8Q989MG9+M277
356,37.37710283,126.6673838,37.37645155,126.6673818,37.37645798,126.6673786,8Q989MG9+M278
357,37.37710367,126.667384,37.37645598,126.6673854,37.37646249,126.667382,8Q989MG9+M27H
358,37.37710333,126.6673835,37.37646059,126.6673891,37.37646716,126.6673856,8Q989MG9+M28C
359,37.37710433,126.6673838,37.37646555,126.6673931,37.37647219,126.6673893,8Q989MG9+M28M
360,37.37711083,126.6673765,37.37647042,126.667397,37.37647714,126.667393,8Q989MG9+M28W
361,37.377117,126.6673722,37.37647532,126.6674009,37.37648214,126.6673968,8Q989MG9+M28X
362,37.377123,126.6673682,37.37648007,126.6674048,37.37648696,126.6674005,8Q989MG9+M2H2
363,37.377115,126.6673618,37.37648498,126.6674088,37.37649197,126.6674042,8Q989MG9+M2H2
364,37.37711017,126.6673628,37.37648981,126.6674127,37.3764969,126.667408,8Q989MG9+M2H7
365,37.37710567,126.6673637,37.37649475,126.6674168,37.37650193,126.6674119,8Q989MG9+M2H8
366,37.37709367,126.6673677,37.37649931,126.6674204,37.37650662,126.6674155,8Q989MG9+M2HH
367,37.37708167,126.6673705,37.37650405,126.6674247,37.37651141,126.6674195,8Q989MG9+M3CC
368,37.37707,126.667372,37.37650871,126.6674287,37.37651617,126.6674234,8Q989MG9+M3CM
369,37.3770655,126.6673722,37.37651352,126.6674329,37.37652104,126.6674273,8Q989MG9+M3CP
370,37.377061,126.6673728,37.37651825,126.667437,37.37652588,126.6674313,8Q989MG9+M3CX
371,37.3770595,126.667376,37.37652338,126.6674415,37.37653109,126.6674356,8Q989MG9+M3M2
372,37.37705567,126.6673773,37.3765284,126.6674458,37.37653619,126.6674397,8Q989MG9+M3M3
373,37.3770475,126.6673855,37.37653335,126.66745,37.3765412,126.6674437,8Q989MG9+M3M8
374,37.37703817,126.6673933,37.37653826,126.6674543,37.37654619,126.6674479,8Q989MG9+M3MH
375,37.37703317,126.6673982,37.37654282,126.6674583,37.3765509,126.6674518,8Q989MG9+M3MQ
376,37.37702883,126.6673968,37.37654766,126.6674627,37.37655582,126.667456,8Q989MG9+M3PR
377,37.3770245,126.667396,37.37655261,126.6674669,37.37656083,126.6674601,8Q989MG9+M3W2
378,37.377017,126.6673968,37.37655741,126.6674712,37.3765657,126.6674642,8Q989MG9+M3W6
379,37.37700533,126.6673982,37.37656225,126.6674754,37.37657062,126.6674683,8Q989MG9+M3WM
380,37.37699583,126.667397,37.37656716,126.6674797,37.37657565,126.6674723,8Q989MG9+M3WV
381,37.37698367,126.6674007,37.37657204,126.6674839,37.37658062,126.6674763,8Q989MG9+P343
382,37.3769715,126.6674033,37.37657691,126.6674881,37.37658559,126.6674804,8Q989MG9+P34F
383,37.37696333,126.667407,37.37658172,126.6674922,37.37659048,126.6674843,8Q989MG9+P34M
384,37.3769555,126.6674063,37.37658631,126.6674963,37.37659517,126.6674882,8Q989MG9+P34V
385,37.37694433,126.6674103,37.37659108,126.6675004,37.37660004,126.6674921,8Q989MG9+P387
386,37.37694167,126.6674118,37.37659588,126.6675046,37.37660493,126.6674962,8Q989MG9+P38F
387,37.37693567,126.6674135,37.37660058,126.6675088,37.37660967,126.6675002,8Q989MG9+P38M
388,37.37693117,126.6674167,37.37660514,126.6675128,37.37661433,126.6675041,8Q989MG9+P3G3
389,37.3769275,126.6674237,37.37660977,126.6675168,37.37661903,126.667508,8Q989MG9+P3G7
390,37.37692983,126.6674307,37.37661432,126.6675216,37.37662365,126.6675125,8Q989MG9+P3GG
391,37.376935,126.6674342,37.37661861,126.667526,37.37662804,126.6675169,8Q989MG9+P3GW
392,37.37693883,126.6674358,37.37662295,126.6675308,37.37663247,126.6675215,8Q989MG9+P3P5
393,37.376938,126.6674375,37.37662734,126.6675356,37.37663696,126.6675261,8Q989MG9+P3P9
394,37.37693617,126.6674378,37.37663181,126.6675404,37.37664153,126.6675308,8Q989MG9+P3QC
395,37.37693417,126.667437,37.37663643,126.6675454,37.37664622,126.6675355,8Q989MG9+P3QM
396,37.3769325,126.6674392,37.37664101,126.6675503,37.37665084,126.6675403,8Q989MG9+P3QW
397,37.3769295,126.667444,37.37664521,126.6675559,37.37665504,126.6675457,8Q989MG9+P3QW
398,37.37692967,126.6674453,37.37664874,126.6675618,37.37665858,126.6675517,8Q989MG9+P3X5
399,37.37692633,126.667447,37.37665212,126.6675681,37.37666203,126.6675579,8Q989MG9+P4R6
400,37.376921,126.667445,37.37665502,126.6675744,37.37666498,126.6675642,8Q989MG9+P4RF
401,37.3769185,126.667435,37.37665784,126.6675816,37.37666783,126.6675713,8Q989MG9+P4RP
402,37.37691983,126.667433,37.37666057,126.6675891,37.37667058,126.6675787,8Q989MG9+P4RQ
403,37.37692317,126.6674332,37.37666329,126.6675967,37.37667339,126.6675864,8Q989MG9+P4RX
404,37.37692483,126.6674298,37.37666587,126.6676042,37.37667606,126.6675938,8Q989MG9+Q432
405,37.376925,126.6674293,37.37666847,126.6676116,37.37667873,126.6676011,8Q989MG9+Q433
406,37.37692567,126.667433,37.37667108,126.6676193,37.37668137,126.6676088,8Q989MG9+Q438
407,37.37692517,126.6674257,37.3766737,126.6676267,37.37668402,126.6676162,8Q989MG9+Q439
408,37.37692383,126.6674203,37.37667626,126.6676337,37.37668666,126.6676232,8Q989MG9+Q44C
409,37.37692317,126.6674103,37.37667882,126.6676411,37.37668929,126.6676306,8Q989MG8+GWC2
410,37.37692033,126.6674025,37.37668141,126.6676489,37.37669195,126.6676382,8Q989MG8+GWC2
411,37.37692233,126.6673935,37.37668407,126.6676564,37.37669464,126.6676457,8Q989MG8+GWC2
412,37.37692017,126.6673883,37.37668684,126.667664,37.37669739,126.6676532,8Q989MG8+GWC6
413,37.37691533,126.6673873,37.37668968,126.6676712,37.37670017,126.6676604,8Q989MG8+GWCC
414,37.37690767,126.6673812,37.37669304,126.6676784,37.37670349,126.6676677,8Q989MG8+GWCF
415,37.37690117,126.6673797,37.37669668,126.6676849,37.37670717,126.6676743,8Q989MG8+GWCM
416,37.37689717,126.6673775,37.37670112,126.6676906,37.37671163,126.6676799,8Q989MG8+GWCM
417,37.37689183,126.667374,37.37670624,126.6676955,37.37671683,126.6676848,8Q989MG8+GWCW
418,37.37688283,126.6673678,37.37671186,126.6676995,37.37672252,126.6676888,8Q989MG8+GWJ4
419,37.37687617,126.667363,37.37671786,126.6677026,37.37672857,126.6676921,8Q989MG8+GWJ8
420,37.37686817,126.6673593,37.37672392,126.6677048,37.37673464,126.6676944,8Q989MG8+GWJH
421,37.37686233,126.6673598,37.37673036,126.6677061,37.37674105,126.6676958,8Q989MG8+GWJH
422,37.37685483,126.6673607,37.37673681,126.6677066,37.3767475,126.6676966,8Q989MG8+GWJQ
423,37.37684217,126.6673573,37.37674346,126.667707,37.37675416,126.667697,8Q989MG8+GWMR
424,37.37683,126.6673578,37.37675016,126.667707,37.37676087,126.6676972,8Q989MG8+GWMR
425,37.37682,126.6673625,37.37675737,126.6677068,37.37676805,126.6676971,8Q989MG8+GWV2
426,37.37682017,126.6673695,37.37676428,126.6677067,37.37677486,126.6676971,8Q989MG8+GWV7
427,37.37682017,126.6673637,37.37677156,126.6677075,37.3767819,126.6676977,8Q989MG8+GWVF
428,37.37681767,126.6673655,37.37677796,126.6677082,37.3767885,126.6676986,8Q989MG8+GWVG
429,37.37682117,126.6673618,37.37678426,126.6677092,37.37679476,126.6676996,8Q989MG8+GWVP
430,37.376821,126.6673608,37.37679068,126.6677106,37.37680117,126.667701,8Q989MG8+GWVW
431,37.37682817,126.667357,37.37679729,126.6677125,37.37680775,126.6677028,8Q989MG8+HW35
432,37.37682867,126.6673525,37.37680362,126.6677153,37.37681411,126.6677054,8Q989MG8+HW35
433,37.37683,126.6673498,37.37680999,126.6677182,37.37682049,126.6677082,8Q989MG8+HW46
434,37.37683167,126.667351,37.37681583,126.6677222,37.37682641,126.6677121,8Q989MG8+HW4C
435,37.37681283,126.6673452,37.37682079,126.6677278,37.37683147,126.6677176,8Q989MG8+HW4M
436,37.37680767,126.6673345,37.37682554,126.6677335,37.37683638,126.6677232,8Q989MG8+HW4V
437,37.37680967,126.6673143,37.37683008,126.6677394,37.37684104,126.6677289,8Q989MG8+HW4W
438,37.37681383,126.6673087,37.37683444,126.6677458,37.37684554,126.6677352,8Q989MG8+HW84
439,37.37681117,126.6672953,37.37683849,126.6677516,37.37684971,126.667741,8Q989MG8+HW89
440,37.37681567,126.6672897,37.3768424,126.6677578,37.37685368,126.6677471,8Q989MG8+HW8H
441,37.3768245,126.667292,37.37684627,126.6677643,37.37685764,126.6677535,8Q989MG8+HW9J
442,37.37682367,126.6672887,37.37685,126.6677709,37.37686148,126.66776,8Q989MG8+HW9R
443,37.37683017,126.6672878,37.37685363,126.6677779,37.37686524,126.6677669,8Q989MG8+HWH3
444,37.37683317,126.6672822,37.37685689,126.6677847,37.37686864,126.6677737,8Q989MG8+HWH3
445,37.37682983,126.6672738,37.37685695,126.6677846,37.37687195,126.6677803,8Q989MG8+HWH8
446,37.37683267,126.6672587,37.37685697,126.6677845,37.37687503,126.6677872,8Q989MG8+HWHG
447,37.37682683,126.6672412,37.3768578,126.6677829,37.37687805,126.6677944,8Q989MG8+HWHQ
448,37.37683717,126.6672242,37.37685894,126.6677807,37.37688095,126.6678016,8Q989MG8+HWHX
449,37.376847,126.6672082,37.37686033,126.6677778,37.37687593,126.6677934,8Q989MG8+HXJ2
450,37.37686217,126.6676648,37.37686212,126.667774,37.37687812,126.66779,8Q989MG8+HXJ6
451,37.376824,126.6674682,37.37686369,126.6677704,37.37688009,126.6677868,8Q989MG8+HXJC
452,,,37.37686564,126.6677663,37.37688244,126.6677831,8Q989MG8+HXJM
453,,,37.37686704,126.6677631,37.37688424,126.6677803,8Q989MG8+HXJV
454,37.37661267,126.6674347,37.37686859,126.6677595,37.37688619,126.6677771,8Q989MG8+HXR4
455,37.376663,126.6673947,37.37687041,126.6677548,37.37688841,126.6677728,8Q989MG8+HXR8
456,37.37669533,126.6673482,37.37687198,126.6677505,37.37689038,126.6677689,8Q989MG8+HXRH
457,37.376714,126.6673322,37.37687383,126.6677452,37.37689263,126.667764,8Q989MG8+HXRQ
458,37.37672433,126.6673325,37.37687562,126.6677399,37.37689482,126.6677591,8Q989MG8+HXVR
459,37.3767275,126.6673352,37.37687739,126.6677349,37.37689699,126.6677545,8Q989MG8+JX32
460,37.37673217,126.6673297,37.37687953,126.6677292,37.37689953,126.6677492,8Q989MG8+JX37
461,,,37.37688156,126.6677237,37.37690116,126.6677433,8Q989MG8+JX3F
462,37.376743,126.6673385,37.37688378,126.6677178,37.37690298,126.667737,8Q989MG8+JX3P
463,37.37675117,126.6673353,37.37688599,126.6677122,37.37690479,126.667731,8Q989MG8+JX3W
464,37.3767565,126.6673348,37.37688809,126.6677065,37.37690649,126.6677249,8Q989MG8+JX75
465,37.376762,126.6673347,37.37689018,126.6677008,37.37690818,126.6677188,8Q989MG8+JX79
466,37.37676467,126.6673247,37.37689224,126.6676958,37.37690984,126.6677134,8Q989MG8+JX8C
467,,,37.37689459,126.6676905,37.37691179,126.6677077,8Q989MG8+JX8J
468,37.3768115,126.6674408,37.37689708,126.6676853,37.37691388,126.6677021,8Q989MG8+JX8V
469,37.37683783,126.6675198,37.37689982,126.6676794,37.37691622,126.6676958,8Q989MG8+JXG3
470,37.3768525,126.667558,37.37690265,126.6676735,37.37691865,126.6676895,8Q989MG8+JXG8
471,37.37686617,126.6675755,37.37690549,126.6676678,37.37692109,126.6676834,8Q989MG8+JXGG
472,37.37686667,126.6675947,37.37690849,126.667662,37.37692369,126.6676772,8Q989MG8+JXGQ
473,37.37688633,126.6676255,37.37691146,126.6676562,37.37692626,126.667671,8Q989MG8+JXGX
474,37.37688767,126.6676222,37.37691436,126.6676507,37.37692876,126.6676651,8Q989MG8+JXQ2
475,37.37689233,126.6676317,37.3769173,126.6676452,37.3769313,126.6676592,8Q989MG8+JXQ6
476,37.376897,126.6676357,37.37692063,126.6676391,37.37693423,126.6676527,8Q989MG8+JXQF
477,37.3768995,126.6676352,37.37692383,126.6676333,37.37693703,126.6676465,8Q989MG8+JXQM
478,37.37690867,126.667639,37.37692693,126.6676279,37.37693973,126.6676407,8Q989MG8+JXQW
479,37.37691133,126.6676473,37.3769302,126.6676223,37.3769426,126.6676347,8Q989MG8+JXX4
480,37.37691033,126.6676508,37.3769333,126.6676167,37.3769453,126.6676287,8Q989MG8+JXX5
481,,,37.37693665,126.667611,37.37694825,126.6676226,8Q989MG9+J2R6
482,37.3769065,126.6676463,37.37693968,126.6676054,37.37695088,126.6676166,8Q989MG9+J2RC
483,37.37690483,126.6676483,37.37694269,126.6676003,37.37695349,126.6676111,8Q989MG9+J2RM
484,37.37690583,126.6676425,37.37694603,126.6675946,37.37695643,126.667605,8Q989MG9+J2RV
485,37.37690517,126.6676378,37.37694917,126.6675892,37.37695917,126.6675992,8Q989MG9+M224
486,37.37690717,126.6676343,37.3769524,126.6675839,37.376962,126.6675935,8Q989MG9+M228
487,37.37690483,126.6676227,37.3769555,126.6675787,37.3769647,126.6675879,8Q989MG9+M22H
488,,,37.37695918,126.6675726,37.37696798,126.6675814,8Q989MG9+M22Q
489,,,37.37696255,126.6675667,37.37697095,126.6675751,8Q989MG9+M23R
490,,,37.37696616,126.6675604,37.37697416,126.6675684,8Q989MG9+M273
491,,,37.37696983,126.6675544,37.37697743,126.667562,8Q989MG9+M277
492,37.37689833,126.6676562,37.37697342,126.6675485,37.37698062,126.6675557,8Q989MG9+M278
493,,,37.37697703,126.6675427,37.37698383,126.6675495,8Q989MG9+M27H
494,,,37.37698066,126.6675371,37.37698706,126.6675435,8Q989MG9+M28C
495,,,37.3769843,126.6675312,37.3769903,126.6675372,8Q989MG9+M28M
496,,,37.37698792,126.6675256,37.37699352,126.6675312,8Q989MG9+M28W
497,,,37.37699203,126.6675199,37.37699723,126.6675251,8Q989MG9+M28X
498,,,37.37699628,126.6675144,37.37700108,126.6675192,8Q989MG9+M2H2
499,,,37.37700093,126.6675087,37.37700533,126.6675131,8Q989MG9+M2H2
500,,,37.3770055,126.6675029,37.3770095,126.6675069,8Q989MG9+M2H7
501,,,37.3770104,126.6674971,37.377014,126.6675007,8Q989MG9+M2H8
502,,,37.37701535,126.6674909,37.37701855,126.6674941,8Q989MG9+M2HH
503,,,37.37702068,126.6674847,37.37702348,126.6674875,8Q989MG9+M3CC
504,,,37.37702616,126.6674783,37.37702856,126.6674807,8Q989MG9+M3CM
505,,,37.37703093,126.6674727,37.37703293,126.6674747,8Q989MG9+M3CP
506,,,37.37703584,126.6674667,37.37703744,126.6674683,8Q989MG9+M3CX
507,,,37.37704059,126.6674608,37.37704179,126.667462,8Q989MG9+M3M2
508,,,37.3770454,126.6674552,37.3770462,126.667456,8Q989MG9+M3M3
509,,,37.37705033,126.6674496,37.37705073,126.66745,8Q989MG9+M3M8
510,,,37.37705524,126.6674442,37.37705524,126.6674442,8Q989MG9+M3MH
511,,,37.37706006,126.6674386,37.37706046,126.667439,8Q989MG9+M3MQ
512,,,37.37706465,126.6674332,37.37706545,126.667434,8Q989MG9+M3PR
513,,,37.37706922,126.6674277,37.37707042,126.6674289,8Q989MG9+M3W2
514,,,37.37707365,126.6674222,37.37707525,126.6674238,8Q989MG9+M3W6
515,,,37.37707835,126.6674163,37.37708035,126.6674183,8Q989MG9+M3WM
516,,,37.37708289,126.6674105,37.37708529,126.6674129,8Q989MG9+M3WV
517,,,37.37708741,126.6674047,37.37709021,126.6674075,8Q989MG9+P343
518,,,37.37709164,126.6673983,37.37709484,126.6674015,8Q989MG9+P34F
519,,,37.37709555,126.6673919,37.37709915,126.6673955,8Q989MG9+P34M
520,37.37725433,126.6673482,37.37709956,126.667385,37.37710356,126.667389,8Q989MG9+P34V
521,,,37.37710376,126.667378,37.37710816,126.6673824,8Q989MG9+P387
522,,,37.37710793,126.667371,37.37711273,126.6673758,8Q989MG9+P38F
523,,,37.37711208,126.6673639,37.37711728,126.6673691,8Q989MG9+P38M
524,37.377338,126.6672938,37.37711633,126.6673567,37.37712193,126.6673623,8Q989MG9+P3G3
525,,,37.37712081,126.6673492,37.37712681,126.6673552,8Q989MG9+P3G7
526,,,37.3771252,126.6673419,37.3771316,126.6673483,8Q989MG9+P3GG
527,37.37734567,126.6672845,37.37712966,126.6673345,37.37713646,126.6673413,8Q989MG9+P3GW
528,,,37.37713439,126.6673274,37.37714159,126.6673346,8Q989MG9+P3P5
529,,,37.37713895,126.6673205,37.37714655,126.6673281,8Q989MG9+P3P9
530,,,37.37714362,126.6673134,37.37715162,126.6673214,8Q989MG9+P3QC
531,,,37.377148,126.667307,37.3771564,126.6673154,8Q989MG9+P3QM
532,,,37.37715244,126.6673006,37.37716124,126.6673094,8Q989MG9+P3QW
533,37.37735567,126.6672798,37.37715678,126.6672944,37.37716598,126.6673036,8Q989MG9+P3QW
534,,,37.37716131,126.6672882,37.37717091,126.6672978,8Q989MG9+P3X5
535,,,37.37716571,126.667282,37.37717571,126.667292,8Q989MG9+P4R6
536,,,37.37717025,126.6672757,37.37718065,126.6672861,8Q989MG9+P4RF
537,,,37.37717477,126.6672693,37.37718557,126.6672801,8Q989MG9+P4RP
538,,,37.37717904,126.6672629,37.37719024,126.6672741,8Q989MG9+P4RQ
539,,,37.37718343,126.6672561,37.37719503,126.6672677,8Q989MG9+P4RX
540,,,37.37718755,126.6672495,37.37719955,126.6672615,8Q989MG9+Q432
541,37.37738533,126.6672582,37.37719176,126.6672429,37.37720416,126.6672553,8Q989MG9+Q433
542,37.37737333,126.6672642,37.37719599,126.6672362,37.37720879,126.667249,8Q989MG9+Q438
543,37.37738833,126.6672518,37.37719997,126.6672301,37.37721317,126.6672433,8Q989MG9+Q439
544,37.377396,126.6672243,37.37720419,126.6672238,37.37721779,126.6672374,8Q989MG9+Q44C
545,37.3773765,126.6672443,37.37720853,126.6672171,37.37722253,126.6672311,8Q989MG8+GWC2
546,37.37734417,126.667288,37.37721311,126.6672099,37.37722751,126.6672243,8Q989MG8+GWC2
547,37.37734517,126.6672992,37.37721775,126.6672027,37.37723255,126.6672175,8Q989MG8+GWC2
548,37.37733217,126.6673255,37.37722214,126.6671959,37.37723734,126.6672111,8Q989MG8+GWC6
549,37.37733733,126.667325,37.37722642,126.6671893,37.37724202,126.6672049,8Q989MG8+GWCC
550,37.37734333,126.6673278,37.37723048,126.667183,37.37724648,126.667199,8Q989MG8+GWCF
551,37.37734783,126.6673333,37.37723466,126.6671766,37.37725106,126.667193,8Q989MG8+GWCM
552,37.3773575,126.6673307,37.37723881,126.66717,37.37725561,126.6671868,8Q989MG8+GWCM
553,37.37736167,126.6673343,37.37724312,126.6671634,37.37726032,126.6671806,8Q989MG8+GWCW
554,37.37735917,126.6673557,37.37724759,126.667156,37.37726519,126.6671736,8Q989MG8+GWJ4
555,37.3773565,126.6673708,37.37725195,126.667149,37.37726995,126.667167,8Q989MG8+GWJ8
556,37.3773595,126.6673745,37.37725654,126.6671418,37.37727494,126.6671602,8Q989MG8+GWJH
557,37.37735317,126.6673735,37.37726114,126.6671342,37.37727994,126.667153,8Q989MG8+GWJH
558,37.377354,126.6673753,37.37726547,126.6671274,37.37728467,126.6671466,8Q989MG8+GWJQ
559,37.377358,126.6673795,37.37726997,126.6671203,37.37728957,126.6671399,8Q989MG8+GWMR
560,37.37736667,126.667378,37.3772745,126.6671133,37.3772945,126.6671333,8Q989MG8+GWMR
561,37.37737117,126.667378,37.37727912,126.6671062,37.37729872,126.6671258,8Q989MG8+GWV2
562,37.37737117,126.6673785,37.37728351,126.6670991,37.37730271,126.6671183,8Q989MG8+GWV7
563,37.3773735,126.6673808,37.37728806,126.6670918,37.37730686,126.6671106,8Q989MG8+GWVF
564,37.37737333,126.6673845,37.37725413,126.6671056,37.37727253,126.667124,8Q989MG8+GWVG
565,37.377377,126.6673898,37.37725202,126.6671095,37.37727002,126.6671275,8Q989MG8+GWVP
566,37.37737767,126.6673937,37.37724977,126.6671136,37.37726737,126.6671312,8Q989MG8+GWVW
567,37.3773795,126.6673938,37.37724754,126.6671174,37.37726474,126.6671346,8Q989MG8+HW35
568,37.37737817,126.6673953,37.37724515,126.6671211,37.37726195,126.6671379,8Q989MG8+HW35
569,37.37739383,126.6673988,37.37724245,126.667125,37.37725885,126.6671414,8Q989MG8+HW46
570,37.377398,126.66741,37.37723914,126.6671293,37.37725514,126.6671453,8Q989MG8+HW4C
571,37.37739933,126.6674092,37.37723524,126.6671345,37.37725084,126.6671501,8Q989MG8+HW4M
572,37.37740717,126.6674058,37.37723178,126.667139,37.37724698,126.6671542,8Q989MG8+HW4V
573,,,37.37722754,126.6671446,37.37724234,126.6671594,8Q989MG8+HW4W
574,,,37.37722324,126.6671505,37.37723764,126.6671649,8Q989MG8+HW84
575,37.3773995,126.6674127,37.37721933,126.667156,37.37723333,126.66717,8Q989MG8+HW89
576,37.37740283,126.6674065,37.37721494,126.6671618,37.37722854,126.6671754,8Q989MG8+HW8H
577,37.37740333,126.667409,37.37721077,126.6671671,37.37722397,126.6671803,8Q989MG8+HW9J
578,37.37740667,126.6674097,37.3772065,126.6671727,37.3772193,126.6671855,8Q989MG8+HW9R
579,37.377406,126.6674112,37.37720204,126.6671784,37.37721444,126.6671908,8Q989MG8+HWH3
580,37.377403,126.6674053,37.3771971,126.6671847,37.3772091,126.6671967,8Q989MG8+HWH3
581,37.3774045,126.6674028,37.3771928,126.6671901,37.3772044,126.6672017,8Q989MG8+HWH8
582,37.3774005,126.6674018,37.37718864,126.6671959,37.37719984,126.6672071,8Q989MG8+HWHG
583,37.3773995,126.6674002,37.37718464,126.667202,37.37719544,126.6672128,8Q989MG8+HWHQ
584,37.3774025,126.667408,37.37718119,126.6672075,37.37719159,126.6672179,8Q989MG8+HWHX
585,37.37740517,126.667406,37.37717778,126.6672131,37.37718778,126.6672231,8Q989MG8+HXJ2
586,37.37738767,126.667414,37.37717424,126.6672189,37.37718384,126.6672285,8Q989MG8+HXJ6
587,37.377381,126.6674175,37.37717048,126.6672251,37.37717968,126.6672343,8Q989MG8+HXJC
588,37.37737767,126.6674167,37.37716678,126.6672312,37.37717558,126.66724,8Q989MG8+HXJM
589,37.37739233,126.6674155,37.37716271,126.6672379,37.37717111,126.6672463,8Q989MG8+HXJV
590,37.37739417,126.6674133,37.37715861,126.6672445,37.37716661,126.6672525,8Q989MG8+HXR4
591,37.37739117,126.6674085,37.37715512,126.66725,37.37716272,126.6672576,8Q989MG8+HXR8
592,37.37739333,126.6674053,37.37715068,126.6672551,37.37715788,126.6672623,8Q989MG8+HXRH
593,37.37738833,126.6674025,37.3771455,126.6672588,37.3771523,126.6672656,8Q989MG8+HXRQ
594,37.37738533,126.6674018,37.37713978,126.6672605,37.37714618,126.6672669,8Q989MG8+HXVR
595,37.3773785,126.6674015,37.37713354,126.6672598,37.37713954,126.6672658,8Q989MG8+JX32
596,37.37737867,126.667397,37.37712832,126.6672566,37.37713392,126.6672622,8Q989MG8+JX37
597,37.377377,126.6673933,37.37712465,126.6672512,37.37712985,126.6672564,8Q989MG8+JX3F
598,37.37741967,126.667408,37.37712266,126.667244,37.37712746,126.6672488,8Q989MG8+JX3P
599,37.37743317,126.6674068,37.37712324,126.6672365,37.37712764,126.6672409,8Q989MG8+JX3W
600,37.37747317,126.6674252,37.37712417,126.6672286,37.37712817,126.6672326,8Q989MG8+JX75
601,37.37750833,126.6674423,37.37712588,126.6672204,37.37712948,126.667224,8Q989MG8+JX79
602,37.37752183,126.667452,37.37712911,126.6672134,37.37713231,126.6672166,8Q989MG8+JX8C
603,37.377509,126.667454,37.3771336,126.6672077,37.3771364,126.6672105,8Q989MG8+JX8J
604,37.37748633,126.6674647,37.37713913,126.6672039,37.37714153,126.6672063,8Q989MG8+JX8V
605,37.37746367,126.6674707,37.3771452,126.6672025,37.3771472,126.6672045,8Q989MG8+JXG3
606,37.37745967,126.667476,37.37715182,126.6672037,37.37715342,126.6672053,8Q989MG8+JXG8
607,37.37744383,126.6674852,37.37715835,126.6672054,37.37715955,126.6672066,8Q989MG8+JXGG
608,37.37740983,126.6674878,37.37716528,126.6672077,37.37716608,126.6672085,8Q989MG8+JXGQ
609,37.3773785,126.6675023,37.37717133,126.6672114,37.37717173,126.6672118,8Q989MG8+JXGX
610,37.37735483,126.6675218,37.37717612,126.6672173,37.37717612,126.6672173,8Q989MG8+JXQ2
611,37.377333,126.6675318,37.37717946,126.6672246,37.37717986,126.667225,8Q989MG8+JXQ6
612,37.37731117,126.6675382,37.37718088,126.6672326,37.37718168,126.6672334,8Q989MG8+JXQF
613,37.37728533,126.6675493,37.3771812,126.667241,37.3771824,126.6672422,8Q989MG8+JXQM
614,37.37725933,126.667559,37.37718085,126.6672497,37.37718245,126.6672513,8Q989MG8+JXQW
615,37.37724383,126.667566,37.37717931,126.6672569,37.37718131,126.6672589,8Q989MG8+JXX4
616,37.37722983,126.6675803,37.37717732,126.6672647,37.37717972,126.6672671,8Q989MG8+JXX5
617,37.37721783,126.667594,37.37717472,126.667273,37.37717752,126.6672758,8Q989MG9+J2R6
618,37.3772,126.667591,37.37717131,126.6672808,37.37717451,126.667284,8Q989MG9+J2RC
619,37.37719517,126.6675875,37.377167,126.6672884,37.3771706,126.667292,8Q989MG9+J2RM
620,37.37718383,126.6675795,37.37716223,126.6672941,37.37716623,126.6672981,8Q989MG9+J2RV
621,37.37717383,126.6675777,37.37715657,126.6672979,37.37716097,126.6673023,8Q989MG9+M224
622,37.37716333,126.6675692,37.37715042,126.6673016,37.37715522,126.6673064,8Q989MG9+M228
623,37.37714983,126.6675578,37.37714409,126.6673051,37.37714929,126.6673103,8Q989MG9+M22H
624,37.37713967,126.6675545,37.37713677,126.667308,37.37714237,126.6673136,8Q989MG9+M22Q
625,37.37712883,126.6675443,37.37712984,126.6673101,37.37713584,126.6673161,8Q989MG9+M23R
626,37.37711783,126.6675387,37.377123,126.6673116,37.3771294,126.667318,8Q989MG9+M273
627,37.37710283,126.6675213,37.37711609,126.6673126,37.37712289,126.6673194,8Q989MG9+M277
628,37.37707633,126.6674965,37.37710925,126.6673134,37.37711645,126.6673206,8Q989MG9+M278
629,37.37704733,126.6674633,37.3771021,126.6673142,37.3771097,126.6673218,8Q989MG9+M27H
630,37.37701717,126.6674428,37.37709482,126.6673148,37.37710282,126.6673228,8Q989MG9+M28C
631,37.3770125,126.6674262,37.37708738,126.667315,37.37709578,126.6673234,8Q989MG9+M28M
632,37.37700467,126.6674082,37.37708039,126.6673147,37.37708919,126.6673235,8Q989MG9+M28W
633,37.37699683,126.6673893,37.37707335,126.6673142,37.37708255,126.6673234,8Q989MG9+M28X
634,37.37698883,126.6673555,37.37706606,126.6673137,37.37707566,126.6673233,8Q989MG9+M2H2
635,37.37697333,126.667322,37.37705872,126.6673133,37.37706872,126.6673233,8Q989MG9+M2H2
636,37.37697183,126.6672927,37.37705217,126.6673116,37.37706257,126.667322,8Q989MG9+M2H7
637,37.3769695,126.6672602,37.37704764,126.667309,37.37705844,126.6673198,8Q989MG9+M2H8
638,37.37696967,126.6672402,37.37704438,126.6673057,37.37705558,126.6673169,8Q989MG9+M2HH
639,37.37697133,126.6672142,37.37704006,126.6673008,37.37705166,126.6673124,8Q989MG9+M3CC
640,37.37696467,126.6671852,37.37703591,126.6672961,37.37704791,126.6673081,8Q989MG9+M3CM
641,37.37695933,126.6671633,37.37703188,126.6672912,37.37704428,126.6673036,8Q989MG9+M3CP
642,37.3769605,126.6671387,37.37702973,126.6672856,37.37704253,126.6672984,8Q989MG9+M3CX
643,37.37696417,126.667117,37.37702916,126.6672797,37.37704236,126.6672929,8Q989MG9+M3M2
644,37.376976,126.6670948,37.37703021,126.6672741,37.37704381,126.6672877,8Q989MG9+M3M3
645,37.37698817,126.6670792,,,37.37699257,126.6670836,8Q989MG9+M3M8
646,37.37700133,126.6670592,,,37.37700613,126.667064,8Q989MG9+M3MH
647,37.377013,126.667039,,,37.3770182,126.6670442,8Q989MG9+M3MQ
648,37.37702517,126.6670203,,,37.37703077,126.6670259,8Q989MG9+M3PR
649,37.377036,126.6670035,,,37.377042,126.6670095,8Q989MG9+M3W2
650,37.377044,126.6669873,,,37.3770504,126.6669937,8Q989MG9+M3W6
651,37.37704917,126.6669698,,,37.37705597,126.6669766,8Q989MG9+M3WM
652,37.37705667,126.6669558,,,37.37706387,126.666963,8Q989MG9+M3WV
653,37.37706133,126.6669372,,,37.37706893,126.6669448,8Q989MG9+P343
654,37.377059,126.6669162,,,37.377067,126.6669242,8Q989MG9+P34F
655,37.37705367,126.666897,,,37.37706207,126.6669054,8Q989MG9+P34M
656,37.377048,126.6668773,,,37.3770568,126.6668861,8Q989MG9+P34V
657,37.37704267,126.6668582,,,37.37705187,126.6668674,8Q989MG9+P387
658,37.37703833,126.6668452,,,37.37704793,126.6668548,8Q989MG9+P38F
659,37.3770355,126.666832,,,37.3770455,126.666842,8Q989MG9+P38M
660,37.37703267,126.6668203,,,37.37704307,126.6668307,8Q989MG9+P3G3
661,37.3770295,126.6668083,,,37.3770403,126.6668191,8Q989MG9+P3G7
662,37.3770255,126.6667938,,,37.3770367,126.666805,8Q989MG9+P3GG
663,37.37702217,126.6667792,,,37.37703377,126.6667908,8Q989MG9+P3GW
664,37.37702017,126.6667657,,,37.37703217,126.6667777,8Q989MG9+P3P5
665,37.37701767,126.6667512,,,37.37703007,126.6667636,8Q989MG9+P3P9
666,37.3770135,126.666738,,,37.3770263,126.6667508,8Q989MG9+P3QC
667,37.37700783,126.666727,,,37.37702103,126.6667402,8Q989MG9+P3QM
668,37.3770015,126.6667165,,,37.3770151,126.6667301,8Q989MG9+P3QW
669,37.376994,126.6667077,,,37.377008,126.6667217,8Q989MG9+P3QW
670,37.3769875,126.6666995,,,37.3770019,126.6667139,8Q989MG9+P3X5
671,37.376979,126.6666895,,,37.3769938,126.6667043,8Q989MG9+P4R6
672,37.376971,126.6666798,,,37.3769862,126.666695,8Q989MG9+P4RF
673,37.37696283,126.6666707,,,37.37697843,126.6666863,8Q989MG9+P4RP
674,37.37695617,126.6666623,,,37.37697217,126.6666783,8Q989MG9+P4RQ
675,37.37694883,126.6666522,,,37.37696523,126.6666686,8Q989MG9+P4RX
676,37.37694283,126.6666418,,,37.37695963,126.6666586,8Q989MG9+Q432
677,37.37693667,126.6666307,,,37.37695387,126.6666479,8Q989MG9+Q433
678,37.37693033,126.6666192,,,37.37694793,126.6666368,8Q989MG9+Q438
679,37.37692467,126.6666077,,,37.37694267,126.6666257,8Q989MG9+Q439
680,37.37691767,126.6665957,,,37.37693607,126.6666141,8Q989MG9+Q44C
681,37.37691133,126.6665842,,,37.37693013,126.666603,8Q989MG8+GWC2
682,37.37690567,126.666573,,,37.37692487,126.6665922,8Q989MG8+GWC2
683,37.3769,126.6665628,,,37.3769196,126.6665824,8Q989MG8+GWC2
684,37.376894,126.6665525,,,37.376914,126.6665725,8Q989MG8+GWC6
685,37.37688783,126.6665428,,,37.37690743,126.6665624,8Q989MG8+GWCC
686,37.37688017,126.6665343,,,37.37689937,126.6665535,8Q989MG8+GWCF
687,37.37687283,126.6665255,,,37.37689163,126.6665443,8Q989MG8+GWCM
688,37.37686567,126.6665147,,,37.37688407,126.6665331,8Q989MG8+GWCM
689,37.376858,126.6665057,,,37.376876,126.6665237,8Q989MG8+GWCW
690,37.37685033,126.6664963,,,37.37686793,126.6665139,8Q989MG8+GWJ4
691,37.376844,126.6664857,,,37.3768612,126.6665029,8Q989MG8+GWJ8
692,37.37683733,126.6664757,,,37.37685413,126.6664925,8Q989MG8+GWJH
693,37.3768295,126.666466,,,37.3768459,126.6664824,8Q989MG8+GWJH
694,37.37682117,126.6664572,,,37.37683717,126.6664732,8Q989MG8+GWJQ
695,37.37681283,126.666448,,,37.37682843,126.6664636,8Q989MG8+GWMR
696,37.37680483,126.6664387,,,37.37682003,126.6664539,8Q989MG8+GWMR
697,37.37679667,126.6664292,,,37.37681147,126.666444,8Q989MG8+GWV2
698,37.37678917,126.6664188,,,37.37680357,126.6664332,8Q989MG8+GWV7
699,37.376782,126.6664077,,,37.376796,126.6664217,8Q989MG8+GWVF
700,37.37677483,126.6663987,,,37.37678843,126.6664123,8Q989MG8+GWVG
701,37.37676767,126.6663915,,,37.37678087,126.6664047,8Q989MG8+GWVP
702,37.37675983,126.6663847,,,37.37677263,126.6663975,8Q989MG8+GWVW
703,37.37675233,126.6663783,,,37.37676473,126.6663907,8Q989MG8+HW35
704,37.37674483,126.666371,,,37.37675683,126.666383,8Q989MG8+HW35
705,37.37673767,126.6663633,,,37.37674927,126.6663749,8Q989MG8+HW46
706,37.376731,126.6663545,,,37.3767422,126.6663657,8Q989MG8+HW4C
707,37.376724,126.6663475,,,37.3767348,126.6663583,8Q989MG8+HW4M
708,37.376718,126.6663397,,,37.3767284,126.6663501,8Q989MG8+HW4V
709,37.37671183,126.666331,,,37.37672183,126.666341,8Q989MG8+HW4W
710,37.37670583,126.6663218,,,37.37671543,126.6663314,8Q989MG8+HW84
711,37.3767,126.6663112,,,37.3767092,126.6663204,8Q989MG8+HW89
712,37.37669367,126.666301,,,37.37670247,126.6663098,8Q989MG8+HW8H
713,37.37668717,126.666292,,,37.37669557,126.6663004,8Q989MG8+HW9J
714,37.37668067,126.6662842,,,37.37668867,126.6662922,8Q989MG8+HW9R
715,37.37667417,126.6662763,,,37.37668177,126.6662839,8Q989MG8+HWH3
716,37.37666883,126.6662682,,,37.37667603,126.6662754,8Q989MG8+HWH3
717,37.376663,126.66626,,,37.3766698,126.6662668,8Q989MG8+HWH8
718,37.37665717,126.6662528,,,37.37666357,126.6662592,8Q989MG8+HWHG
719,37.37665283,126.6662467,,,37.37665883,126.6662527,8Q989MG8+HWHQ
720,37.37664933,126.6662413,,,37.37665493,126.6662469,8Q989MG8+HWHX
721,37.37664817,126.6662375,,,37.37665337,126.6662427,8Q989MG8+HXJ2
